<?xml version="1.0" encoding="UTF-8"?>
<!-- IMPORTANT: This is an internal file that has been generated
     by the Xilinx ISE software.  Any direct editing or
     changes made to this file may result in unpredictable
     behavior or data corruption.  It is strongly advised that
     users do not edit the contents of this file. -->
<DeviceUsageSummary rev="25">
<DesignStatistics TimeStamp="Sun May 13 15:36:23 2018"><group name="NetStatistics">
<item name="NumNets_Active" rev="16">
<attrib name="value" value="23"/></item>
<item name="NumNets_Vcc" rev="16">
<attrib name="value" value="1"/></item>
<item name="NumNodesOfType_Active_BUFGOUT" rev="16">
<attrib name="value" value="1"/></item>
<item name="NumNodesOfType_Active_BUFHINP2OUT" rev="16">
<attrib name="value" value="1"/></item>
<item name="NumNodesOfType_Active_CLKPIN" rev="16">
<attrib name="value" value="2"/></item>
<item name="NumNodesOfType_Active_CLKPINFEED" rev="16">
<attrib name="value" value="1"/></item>
<item name="NumNodesOfType_Active_CNTRLPIN" rev="16">
<attrib name="value" value="1"/></item>
<item name="NumNodesOfType_Active_DOUBLE" rev="16">
<attrib name="value" value="13"/></item>
<item name="NumNodesOfType_Active_GENERIC" rev="16">
<attrib name="value" value="12"/></item>
<item name="NumNodesOfType_Active_GLOBAL" rev="16">
<attrib name="value" value="8"/></item>
<item name="NumNodesOfType_Active_INPUT" rev="16">
<attrib name="value" value="1"/></item>
<item name="NumNodesOfType_Active_IOBIN2OUT" rev="16">
<attrib name="value" value="6"/></item>
<item name="NumNodesOfType_Active_IOBOUTPUT" rev="16">
<attrib name="value" value="6"/></item>
<item name="NumNodesOfType_Active_LUTINPUT" rev="16">
<attrib name="value" value="24"/></item>
<item name="NumNodesOfType_Active_OUTBOUND" rev="16">
<attrib name="value" value="18"/></item>
<item name="NumNodesOfType_Active_OUTPUT" rev="16">
<attrib name="value" value="10"/></item>
<item name="NumNodesOfType_Active_PADINPUT" rev="16">
<attrib name="value" value="1"/></item>
<item name="NumNodesOfType_Active_PADOUTPUT" rev="16">
<attrib name="value" value="6"/></item>
<item name="NumNodesOfType_Active_PINBOUNCE" rev="16">
<attrib name="value" value="6"/></item>
<item name="NumNodesOfType_Active_PINFEED" rev="16">
<attrib name="value" value="30"/></item>
<item name="NumNodesOfType_Active_PINFEED2" rev="16">
<attrib name="value" value="1"/></item>
<item name="NumNodesOfType_Active_QUAD" rev="16">
<attrib name="value" value="32"/></item>
<item name="NumNodesOfType_Active_SINGLE" rev="16">
<attrib name="value" value="10"/></item>
<item name="NumNodesOfType_Vcc_HVCCOUT" rev="16">
<attrib name="value" value="1"/></item>
<item name="NumNodesOfType_Vcc_LUTINPUT" rev="16">
<attrib name="value" value="1"/></item>
<item name="NumNodesOfType_Vcc_PINFEED" rev="16">
<attrib name="value" value="1"/></item>
</group>
<group name="MiscellaneousStatistics">
<item name="AGG_BONDED_IO" rev="25">
<attrib name="value" value="7"/></item>
<item name="AGG_IO" rev="25">
<attrib name="value" value="7"/></item>
<item name="AGG_LOCED_IO" rev="25">
<attrib name="value" value="7"/></item>
<item name="AGG_SLICE" rev="25">
<attrib name="value" value="2"/></item>
<item name="NUM_BONDED_IOB" rev="25">
<attrib name="value" value="7"/></item>
<item name="NUM_BSFULL" rev="25">
<attrib name="value" value="4"/></item>
<item name="NUM_BSLUTONLY" rev="25">
<attrib name="value" value="2"/></item>
<item name="NUM_BSUSED" rev="25">
<attrib name="value" value="6"/></item>
<item name="NUM_BUFG" rev="25">
<attrib name="value" value="1"/></item>
<item name="NUM_LOCED_IOB" rev="25">
<attrib name="value" value="7"/></item>
<item name="NUM_LOGIC_O6ONLY" rev="25">
<attrib name="value" value="6"/></item>
<item name="NUM_SLICEX" rev="25">
<attrib name="value" value="2"/></item>
<item name="NUM_SLICE_CONTROLSET" rev="25">
<attrib name="value" value="1"/></item>
<item name="NUM_SLICE_CYINIT" rev="25">
<attrib name="value" value="6"/></item>
<item name="NUM_SLICE_FF" rev="25">
<attrib name="value" value="4"/></item>
<item name="NUM_SLICE_UNUSEDCTRL" rev="25">
<attrib name="value" value="1"/></item>
<item name="NUM_UNUSABLE_FF_BELS" rev="25">
<attrib name="value" value="4"/></item>
</group>
<group name="SiteStatistics">
<item name="BUFG-BUFGMUX" rev="16">
<attrib name="value" value="1"/></item>
<item name="IOB-IOBM" rev="16">
<attrib name="value" value="4"/></item>
<item name="IOB-IOBS" rev="16">
<attrib name="value" value="3"/></item>
<item name="SLICEX-SLICEL" rev="16">
<attrib name="value" value="2"/></item>
</group>
</DesignStatistics>
<ReportConfigData TimeStamp="Thu May 10 23:52:25 2018"><group name="REG_SR">
<item name="CK" rev="16">
<attrib name="CK" value="4"/><attrib name="CK_INV" value="0"/></item>
<item name="LATCH_OR_FF" rev="16">
<attrib name="FF" value="4"/></item>
<item name="SRINIT" rev="16">
<attrib name="SRINIT0" value="4"/></item>
<item name="SYNC_ATTR" rev="16">
<attrib name="ASYNC" value="4"/></item>
</group>
<group name="IOB_OUTBUF">
<item name="DRIVEATTRBOX" rev="16">
<attrib name="8" value="1"/></item>
<item name="SLEW" rev="16">
<attrib name="FAST" value="1"/></item>
<item name="SUSPEND" rev="16">
<attrib name="3STATE" value="1"/></item>
</group>
<group name="SLICEX">
<item name="CLK" rev="16">
<attrib name="CLK" value="1"/><attrib name="CLK_INV" value="0"/></item>
</group>
<group name="PULL_OR_KEEP1">
<item name="PULLTYPE" rev="16">
<attrib name="PULLUP" value="5"/></item>
</group>
<group name="OLOGIC2">
<item name="CLK0" rev="16">
<attrib name="CLK0_INV" value="1"/><attrib name="CLK0" value="0"/></item>
</group>
<group name="OLOGIC2_OUTFF">
<item name="CK0" rev="16">
<attrib name="CK0_INV" value="1"/><attrib name="CK0" value="0"/></item>
<item name="OUTFFTYPE" rev="16">
<attrib name="LATCH" value="1"/></item>
<item name="SRINIT_OQ" rev="16">
<attrib name="0" value="1"/></item>
</group>
</ReportConfigData>
<ReportPinData TimeStamp="Thu May 10 23:52:25 2018"><group name="REG_SR">
<item name="CK" rev="16">
<attrib name="value" value="4"/></item>
<item name="D" rev="16">
<attrib name="value" value="4"/></item>
<item name="Q" rev="16">
<attrib name="value" value="4"/></item>
<item name="SR" rev="16">
<attrib name="value" value="4"/></item>
</group>
<group name="IOB_OUTBUF">
<item name="IN" rev="16">
<attrib name="value" value="1"/></item>
<item name="OUT" rev="16">
<attrib name="value" value="1"/></item>
</group>
<group name="SLICEX">
<item name="A" rev="16">
<attrib name="value" value="2"/></item>
<item name="A2" rev="16">
<attrib name="value" value="1"/></item>
<item name="A3" rev="16">
<attrib name="value" value="2"/></item>
<item name="A4" rev="16">
<attrib name="value" value="3"/></item>
<item name="A5" rev="16">
<attrib name="value" value="2"/></item>
<item name="A6" rev="16">
<attrib name="value" value="2"/></item>
<item name="AQ" rev="16">
<attrib name="value" value="1"/></item>
<item name="B" rev="16">
<attrib name="value" value="1"/></item>
<item name="B1" rev="16">
<attrib name="value" value="1"/></item>
<item name="B2" rev="16">
<attrib name="value" value="1"/></item>
<item name="B3" rev="16">
<attrib name="value" value="1"/></item>
<item name="B4" rev="16">
<attrib name="value" value="2"/></item>
<item name="B5" rev="16">
<attrib name="value" value="1"/></item>
<item name="B6" rev="16">
<attrib name="value" value="2"/></item>
<item name="BMUX" rev="16">
<attrib name="value" value="1"/></item>
<item name="BQ" rev="16">
<attrib name="value" value="1"/></item>
<item name="C4" rev="16">
<attrib name="value" value="1"/></item>
<item name="C5" rev="16">
<attrib name="value" value="1"/></item>
<item name="C6" rev="16">
<attrib name="value" value="1"/></item>
<item name="CLK" rev="16">
<attrib name="value" value="1"/></item>
<item name="CQ" rev="16">
<attrib name="value" value="1"/></item>
<item name="D3" rev="16">
<attrib name="value" value="1"/></item>
<item name="D4" rev="16">
<attrib name="value" value="1"/></item>
<item name="D5" rev="16">
<attrib name="value" value="1"/></item>
<item name="D6" rev="16">
<attrib name="value" value="1"/></item>
<item name="DQ" rev="16">
<attrib name="value" value="1"/></item>
<item name="SR" rev="16">
<attrib name="value" value="1"/></item>
</group>
<group name="BUFG_BUFG">
<item name="I0" rev="16">
<attrib name="value" value="1"/></item>
<item name="O" rev="16">
<attrib name="value" value="1"/></item>
</group>
<group name="PAD">
<item name="PAD" rev="16">
<attrib name="value" value="7"/></item>
</group>
<group name="IOB_INBUF">
<item name="OUT" rev="16">
<attrib name="value" value="6"/></item>
<item name="PAD" rev="16">
<attrib name="value" value="6"/></item>
</group>
<group name="PULL_OR_KEEP1">
<item name="PAD" rev="16">
<attrib name="value" value="5"/></item>
</group>
<group name="OLOGIC2">
<item name="CLK0" rev="16">
<attrib name="value" value="1"/></item>
<item name="D1" rev="16">
<attrib name="value" value="1"/></item>
<item name="OQ" rev="16">
<attrib name="value" value="1"/></item>
</group>
<group name="LUT5">
<item name="A1" rev="16">
<attrib name="value" value="1"/></item>
<item name="A2" rev="16">
<attrib name="value" value="1"/></item>
<item name="A3" rev="16">
<attrib name="value" value="1"/></item>
<item name="A4" rev="16">
<attrib name="value" value="1"/></item>
<item name="A5" rev="16">
<attrib name="value" value="1"/></item>
<item name="O5" rev="16">
<attrib name="value" value="1"/></item>
</group>
<group name="LUT6">
<item name="A1" rev="16">
<attrib name="value" value="1"/></item>
<item name="A2" rev="16">
<attrib name="value" value="2"/></item>
<item name="A3" rev="16">
<attrib name="value" value="4"/></item>
<item name="A4" rev="16">
<attrib name="value" value="7"/></item>
<item name="A5" rev="16">
<attrib name="value" value="5"/></item>
<item name="A6" rev="16">
<attrib name="value" value="6"/></item>
<item name="O6" rev="16">
<attrib name="value" value="7"/></item>
</group>
<group name="IOB_IMUX">
<item name="I" rev="16">
<attrib name="value" value="6"/></item>
<item name="OUT" rev="16">
<attrib name="value" value="6"/></item>
</group>
<group name="IOB">
<item name="I" rev="16">
<attrib name="value" value="6"/></item>
<item name="O" rev="16">
<attrib name="value" value="1"/></item>
<item name="PAD" rev="16">
<attrib name="value" value="7"/></item>
</group>
<group name="OLOGIC2_OUTFF">
<item name="CK0" rev="16">
<attrib name="value" value="1"/></item>
<item name="D1" rev="16">
<attrib name="value" value="1"/></item>
<item name="Q" rev="16">
<attrib name="value" value="1"/></item>
</group>
<group name="BUFG">
<item name="I0" rev="16">
<attrib name="value" value="1"/></item>
<item name="O" rev="16">
<attrib name="value" value="1"/></item>
</group>
</ReportPinData>
<CmdHistory>
</CmdHistory>
</DeviceUsageSummary>
